Subject,ARD,Clark Error Grid,Surveillance Error Grid
15,0.157544,"[0.7291666666666666, 0.2708333333333333, 0.0, 0.0, 0.0]","{'None': 56.25, 'Slight': 43.75, 'Moderate': 0.0, 'Great': 0.0, 'Extreme': 0.0}"
18,0.36995602,"[0.03571428571428571, 0.8928571428571429, 0.0, 0.07142857142857142, 0.0]","{'None': 80.35714285714286, 'Slight': 17.857142857142858, 'Moderate': 1.7857142857142856, 'Great': 0.0, 'Extreme': 0.0}"
17,0.16188544,"[0.6666666666666666, 0.3333333333333333, 0.0, 0.0, 0.0]","{'None': 56.25, 'Slight': 43.75, 'Moderate': 0.0, 'Great': 0.0, 'Extreme': 0.0}"
19,0.24484344,"[0.5, 0.5, 0.0, 0.0, 0.0]","{'None': 62.5, 'Slight': 37.5, 'Moderate': 0.0, 'Great': 0.0, 'Extreme': 0.0}"
10,0.17625163,"[0.5714285714285714, 0.42857142857142855, 0.0, 0.0, 0.0]","{'None': 58.333333333333336, 'Slight': 41.66666666666667, 'Moderate': 0.0, 'Great': 0.0, 'Extreme': 0.0}"
21,0.35790676,"[0.3888888888888889, 0.5370370370370371, 0.07407407407407407, 0.0, 0.0]","{'None': 33.33333333333333, 'Slight': 66.66666666666666, 'Moderate': 0.0, 'Great': 0.0, 'Extreme': 0.0}"
31,0.7690765,"[0.0, 0.7142857142857143, 0.0, 0.2857142857142857, 0.0]","{'None': 32.142857142857146, 'Slight': 67.85714285714286, 'Moderate': 0.0, 'Great': 0.0, 'Extreme': 0.0}"
9,0.28415665,"[0.3645833333333333, 0.6354166666666666, 0.0, 0.0, 0.0]","{'None': 40.625, 'Slight': 59.375, 'Moderate': 0.0, 'Great': 0.0, 'Extreme': 0.0}"
8,0.23443231,"[0.5, 0.5, 0.0, 0.0, 0.0]","{'None': 45.23809523809524, 'Slight': 54.761904761904766, 'Moderate': 0.0, 'Great': 0.0, 'Extreme': 0.0}"
3,0.42949033,"[0.375, 0.5416666666666666, 0.0, 0.08333333333333333, 0.0]","{'None': 27.083333333333332, 'Slight': 72.91666666666666, 'Moderate': 0.0, 'Great': 0.0, 'Extreme': 0.0}"
20,0.14018968,"[0.6785714285714286, 0.32142857142857145, 0.0, 0.0, 0.0]","{'None': 85.71428571428571, 'Slight': 14.285714285714285, 'Moderate': 0.0, 'Great': 0.0, 'Extreme': 0.0}"
12,0.2801756,"[0.3684210526315789, 0.631578947368421, 0.0, 0.0, 0.0]","{'None': 40.78947368421053, 'Slight': 59.210526315789465, 'Moderate': 0.0, 'Great': 0.0, 'Extreme': 0.0}"
27,0.15061606,"[0.75, 0.25, 0.0, 0.0, 0.0]","{'None': 58.333333333333336, 'Slight': 41.66666666666667, 'Moderate': 0.0, 'Great': 0.0, 'Extreme': 0.0}"
6,0.289721,"[0.6166666666666667, 0.18333333333333332, 0.0, 0.2, 0.0]","{'None': 56.666666666666664, 'Slight': 43.333333333333336, 'Moderate': 0.0, 'Great': 0.0, 'Extreme': 0.0}"
1,0.21513946,"[0.3958333333333333, 0.6041666666666666, 0.0, 0.0, 0.0]","{'None': 64.58333333333334, 'Slight': 35.41666666666667, 'Moderate': 0.0, 'Great': 0.0, 'Extreme': 0.0}"
25,0.31991944,"[0.2916666666666667, 0.5833333333333334, 0.0, 0.125, 0.0]","{'None': 31.944444444444443, 'Slight': 59.72222222222222, 'Moderate': 8.333333333333332, 'Great': 0.0, 'Extreme': 0.0}"
26,0.23743595,"[0.38235294117647056, 0.6176470588235294, 0.0, 0.0, 0.0]","{'None': 67.64705882352942, 'Slight': 32.35294117647059, 'Moderate': 0.0, 'Great': 0.0, 'Extreme': 0.0}"
23,0.2969617,"[0.3541666666666667, 0.6458333333333334, 0.0, 0.0, 0.0]","{'None': 47.91666666666667, 'Slight': 52.083333333333336, 'Moderate': 0.0, 'Great': 0.0, 'Extreme': 0.0}"
14,0.5945517,"[0.25, 0.29545454545454547, 0.0, 0.45454545454545453, 0.0]","{'None': 52.27272727272727, 'Slight': 47.72727272727273, 'Moderate': 0.0, 'Great': 0.0, 'Extreme': 0.0}"
7,0.17815736,"[0.7, 0.3, 0.0, 0.0, 0.0]","{'None': 58.333333333333336, 'Slight': 41.66666666666667, 'Moderate': 0.0, 'Great': 0.0, 'Extreme': 0.0}"
16,0.20579301,"[0.6346153846153846, 0.28846153846153844, 0.0, 0.07692307692307693, 0.0]","{'None': 92.3076923076923, 'Slight': 7.6923076923076925, 'Moderate': 0.0, 'Great': 0.0, 'Extreme': 0.0}"
28,0.12274188,"[0.7916666666666666, 0.20833333333333334, 0.0, 0.0, 0.0]","{'None': 62.5, 'Slight': 37.5, 'Moderate': 0.0, 'Great': 0.0, 'Extreme': 0.0}"
24,0.2699981,"[0.3958333333333333, 0.6041666666666666, 0.0, 0.0, 0.0]","{'None': 45.83333333333333, 'Slight': 54.166666666666664, 'Moderate': 0.0, 'Great': 0.0, 'Extreme': 0.0}"
11,0.29347217,"[0.47058823529411764, 0.4264705882352941, 0.0, 0.10294117647058823, 0.0]","{'None': 54.41176470588235, 'Slight': 42.64705882352941, 'Moderate': 2.941176470588235, 'Great': 0.0, 'Extreme': 0.0}"
29,0.18759042,"[0.6538461538461539, 0.34615384615384615, 0.0, 0.0, 0.0]","{'None': 44.230769230769226, 'Slight': 55.769230769230774, 'Moderate': 0.0, 'Great': 0.0, 'Extreme': 0.0}"
4,0.22700013,"[0.44642857142857145, 0.5535714285714286, 0.0, 0.0, 0.0]","{'None': 66.07142857142857, 'Slight': 33.92857142857143, 'Moderate': 0.0, 'Great': 0.0, 'Extreme': 0.0}"
5,0.22885513,"[0.5, 0.5, 0.0, 0.0, 0.0]","{'None': 54.6875, 'Slight': 45.3125, 'Moderate': 0.0, 'Great': 0.0, 'Extreme': 0.0}"
2,0.15930678,"[0.7166666666666667, 0.2833333333333333, 0.0, 0.0, 0.0]","{'None': 56.666666666666664, 'Slight': 43.333333333333336, 'Moderate': 0.0, 'Great': 0.0, 'Extreme': 0.0}"
13,0.2608399,"[0.6041666666666666, 0.3958333333333333, 0.0, 0.0, 0.0]","{'None': 62.5, 'Slight': 37.5, 'Moderate': 0.0, 'Great': 0.0, 'Extreme': 0.0}"
30,0.1624889,"[0.6666666666666666, 0.3333333333333333, 0.0, 0.0, 0.0]","{'None': 45.83333333333333, 'Slight': 54.166666666666664, 'Moderate': 0.0, 'Great': 0.0, 'Extreme': 0.0}"
22,0.29629448,"[0.4791666666666667, 0.5208333333333334, 0.0, 0.0, 0.0]","{'None': 33.33333333333333, 'Slight': 66.66666666666666, 'Moderate': 0.0, 'Great': 0.0, 'Extreme': 0.0}"
